{
    "global": 0.23367346938775513,
    "per_class": [
        0.3346938775510204,
        0.28877551020408165,
        0.30714285714285716,
        0.1510204081632653,
        0.1142857142857143,
        0.16938775510204085,
        0.23367346938775513,
        0.24285714285714288,
        0.1969387755102041,
        0.1142857142857143,
        0.1602040816326531,
        0.18775510204081636,
        0.08673469387755103,
        0.1326530612244898,
        0.1602040816326531,
        0.463265306122449,
        0.08673469387755103,
        0.21530612244897962,
        0.2979591836734694,
        0.09591836734693879,
        0.10510204081632654,
        0.07755102040816328,
        0.06836734693877551,
        0.05,
        0.1602040816326531,
        0.22448979591836737,
        0.10510204081632654,
        0.30714285714285716
    ]
}