{
    "global": 0.3163265306122449,
    "per_class": [
        0.463265306122449,
        0.28877551020408165,
        0.4816326530612245,
        0.1510204081632653,
        0.12346938775510205,
        0.3163265306122449,
        0.38979591836734695,
        0.3163265306122449,
        0.27040816326530615,
        0.1142857142857143,
        0.18775510204081636,
        0.32551020408163267,
        0.2612244897959184,
        0.1785714285714286,
        0.3806122448979592,
        0.32551020408163267,
        0.2979591836734694,
        0.23367346938775513,
        0.45408163265306123,
        0.27040816326530615,
        0.35306122448979593,
        0.05,
        0.3622448979591837,
        0.05,
        0.1142857142857143,
        0.35306122448979593,
        0.47244897959183674,
        0.23367346938775513
    ]
}