{
    "global": 0.3346938775510204,
    "per_class": [
        0.3622448979591837,
        0.47244897959183674,
        0.4908163265306123,
        0.32551020408163267,
        0.1969387755102041,
        0.3806122448979592,
        0.40816326530612246,
        0.25204081632653064,
        0.4816326530612245,
        0.1969387755102041,
        0.08673469387755103,
        0.5,
        0.24285714285714288,
        0.21530612244897962,
        0.4816326530612245,
        0.4448979591836735,
        0.18775510204081636,
        0.08673469387755103,
        0.28877551020408165,
        0.4816326530612245,
        0.37142857142857144,
        0.4448979591836735,
        0.1785714285714286,
        0.4357142857142857,
        0.1142857142857143,
        0.28877551020408165,
        0.28877551020408165,
        0.22448979591836737
    ]
}