{
    "global": 0.28877551020408165,
    "per_class": [
        0.1785714285714286,
        0.32551020408163267,
        0.1326530612244898,
        0.12346938775510205,
        0.21530612244897962,
        0.08673469387755103,
        0.1969387755102041,
        0.05918367346938776,
        0.5,
        0.07755102040816328,
        0.05,
        0.20612244897959187,
        0.32551020408163267,
        0.3438775510204082,
        0.22448979591836737,
        0.47244897959183674,
        0.05,
        0.25204081632653064,
        0.3163265306122449,
        0.40816326530612246,
        0.45408163265306123,
        0.12346938775510205,
        0.25204081632653064,
        0.1602040816326531,
        0.1326530612244898,
        0.38979591836734695,
        0.2795918367346939,
        0.1510204081632653
    ]
}