{
    "global": 0.32551020408163267,
    "per_class": [
        0.38979591836734695,
        0.3806122448979592,
        0.2979591836734694,
        0.1969387755102041,
        0.21530612244897962,
        0.2795918367346939,
        0.1785714285714286,
        0.3346938775510204,
        0.3163265306122449,
        0.1969387755102041,
        0.24285714285714288,
        0.27040816326530615,
        0.3438775510204082,
        0.14183673469387756,
        0.1785714285714286,
        0.45408163265306123,
        0.05,
        0.30714285714285716,
        0.3163265306122449,
        0.24285714285714288,
        0.4173469387755102,
        0.1602040816326531,
        0.35306122448979593,
        0.05,
        0.1785714285714286,
        0.3989795918367347,
        0.25204081632653064,
        0.3163265306122449
    ]
}