{
    "global": 0.20612244897959187,
    "per_class": [
        0.21530612244897962,
        0.1326530612244898,
        0.12346938775510205,
        0.09591836734693879,
        0.1326530612244898,
        0.21530612244897962,
        0.1326530612244898,
        0.24285714285714288,
        0.08673469387755103,
        0.05918367346938776,
        0.1142857142857143,
        0.09591836734693879,
        0.05918367346938776,
        0.09591836734693879,
        0.20612244897959187,
        0.45408163265306123,
        0.06836734693877551,
        0.18775510204081636,
        0.24285714285714288,
        0.09591836734693879,
        0.1969387755102041,
        0.05,
        0.05,
        0.05,
        0.1510204081632653,
        0.16938775510204085,
        0.05918367346938776,
        0.35306122448979593
    ]
}