{
    "global": 0.18775510204081636,
    "per_class": [
        0.25204081632653064,
        0.20612244897959187,
        0.12346938775510205,
        0.16938775510204085,
        0.1602040816326531,
        0.14183673469387756,
        0.1602040816326531,
        0.1326530612244898,
        0.09591836734693879,
        0.12346938775510205,
        0.1142857142857143,
        0.14183673469387756,
        0.1326530612244898,
        0.08673469387755103,
        0.16938775510204085,
        0.2979591836734694,
        0.14183673469387756,
        0.14183673469387756,
        0.30714285714285716,
        0.06836734693877551,
        0.1326530612244898,
        0.05,
        0.08673469387755103,
        0.05,
        0.14183673469387756,
        0.16938775510204085,
        0.10510204081632654,
        0.2979591836734694
    ]
}